ZIP Code,County,Household Size 1,Household Size 2,Household Size 3,Household Size 4,Household Size 5,Household Size 6,Household Size 7,Household Size 8
91319,Ventura County,70250,80300,90350,100350,108400,116450,124450,132500
91320,Ventura County,70250,80300,90350,100350,108400,116450,124450,132500
91358,Ventura County,70250,80300,90350,100350,108400,116450,124450,132500
91360,Ventura County,70250,80300,90350,100350,108400,116450,124450,132500
91361,Ventura County,70250,80300,90350,100350,108400,116450,124450,132500
91362,Ventura County,70250,80300,90350,100350,108400,116450,124450,132500
91377,Ventura County,70250,80300,90350,100350,108400,116450,124450,132500
91718,Riverside County,49300,56350,63400,70400,76050,81700,87300,92950
91719,Riverside County,49300,56350,63400,70400,76050,81700,87300,92950
91720,Riverside County,49300,56350,63400,70400,76050,81700,87300,92950
91752,Riverside County,49300,56350,63400,70400,76050,81700,87300,92950
91760,Riverside County,49300,56350,63400,70400,76050,81700,87300,92950
91901,San Diego County,72900,83300,93700,104100,112450,120800,129100,137450
91902,San Diego County,72900,83300,93700,104100,112450,120800,129100,137450
91903,San Diego County,72900,83300,93700,104100,112450,120800,129100,137450
91905,San Diego County,72900,83300,93700,104100,112450,120800,129100,137450
91906,San Diego County,72900,83300,93700,104100,112450,120800,129100,137450
91908,San Diego County,72900,83300,93700,104100,112450,120800,129100,137450
91909,San Diego County,72900,83300,93700,104100,112450,120800,129100,137450
91910,San Diego County,72900,83300,93700,104100,112450,120800,129100,137450
91911,San Diego County,72900,83300,93700,104100,112450,120800,129100,137450
91912,San Diego County,72900,83300,93700,104100,112450,120800,129100,137450
91913,San Diego County,72900,83300,93700,104100,112450,120800,129100,137450
91914,San Diego County,72900,83300,93700,104100,112450,120800,129100,137450
91915,San Diego County,72900,83300,93700,104100,112450,120800,129100,137450
91916,San Diego County,72900,83300,93700,104100,112450,120800,129100,137450
91917,San Diego County,72900,83300,93700,104100,112450,120800,129100,137450
91921,San Diego County,72900,83300,93700,104100,112450,120800,129100,137450
91931,San Diego County,72900,83300,93700,104100,112450,120800,129100,137450
91932,San Diego County,72900,83300,93700,104100,112450,120800,129100,137450
91933,San Diego County,72900,83300,93700,104100,112450,120800,129100,137450
91934,San Diego County,72900,83300,93700,104100,112450,120800,129100,137450
91935,San Diego County,72900,83300,93700,104100,112450,120800,129100,137450
91941,San Diego County,72900,83300,93700,104100,112450,120800,129100,137450
91942,San Diego County,72900,83300,93700,104100,112450,120800,129100,137450
91943,San Diego County,72900,83300,93700,104100,112450,120800,129100,137450
91944,San Diego County,72900,83300,93700,104100,112450,120800,129100,137450
91945,San Diego County,72900,83300,93700,104100,112450,120800,129100,137450
91946,San Diego County,72900,83300,93700,104100,112450,120800,129100,137450
91947,San Diego County,72900,83300,93700,104100,112450,120800,129100,137450
91948,San Diego County,72900,83300,93700,104100,112450,120800,129100,137450
91950,San Diego County,72900,83300,93700,104100,112450,120800,129100,137450
91951,San Diego County,72900,83300,93700,104100,112450,120800,129100,137450
91962,San Diego County,72900,83300,93700,104100,112450,120800,129100,137450
91963,San Diego County,72900,83300,93700,104100,112450,120800,129100,137450
91976,San Diego County,72900,83300,93700,104100,112450,120800,129100,137450
91977,San Diego County,72900,83300,93700,104100,112450,120800,129100,137450
91978,San Diego County,72900,83300,93700,104100,112450,120800,129100,137450
91979,San Diego County,72900,83300,93700,104100,112450,120800,129100,137450
91980,San Diego County,72900,83300,93700,104100,112450,120800,129100,137450
91987,San Diego County,72900,83300,93700,104100,112450,120800,129100,137450
91990,San Diego County,72900,83300,93700,104100,112450,120800,129100,137450
92003,San Diego County,72900,83300,93700,104100,112450,120800,129100,137450
92004,San Diego County,72900,83300,93700,104100,112450,120800,129100,137450
92007,San Diego County,72900,83300,93700,104100,112450,120800,129100,137450
92008,San Diego County,72900,83300,93700,104100,112450,120800,129100,137450
92009,San Diego County,72900,83300,93700,104100,112450,120800,129100,137450
92013,San Diego County,72900,83300,93700,104100,112450,120800,129100,137450
92014,San Diego County,72900,83300,93700,104100,112450,120800,129100,137450
92018,San Diego County,72900,83300,93700,104100,112450,120800,129100,137450
92019,San Diego County,72900,83300,93700,104100,112450,120800,129100,137450
92020,San Diego County,72900,83300,93700,104100,112450,120800,129100,137450
92021,San Diego County,72900,83300,93700,104100,112450,120800,129100,137450
92022,San Diego County,72900,83300,93700,104100,112450,120800,129100,137450
92023,San Diego County,72900,83300,93700,104100,112450,120800,129100,137450
92024,San Diego County,72900,83300,93700,104100,112450,120800,129100,137450
92025,San Diego County,72900,83300,93700,104100,112450,120800,129100,137450
92026,San Diego County,72900,83300,93700,104100,112450,120800,129100,137450
92027,San Diego County,72900,83300,93700,104100,112450,120800,129100,137450
92028,San Diego County,72900,83300,93700,104100,112450,120800,129100,137450
92029,San Diego County,72900,83300,93700,104100,112450,120800,129100,137450
92030,San Diego County,72900,83300,93700,104100,112450,120800,129100,137450
92033,San Diego County,72900,83300,93700,104100,112450,120800,129100,137450
92036,San Diego County,72900,83300,93700,104100,112450,120800,129100,137450
92037,San Diego County,72900,83300,93700,104100,112450,120800,129100,137450
92038,San Diego County,72900,83300,93700,104100,112450,120800,129100,137450
92039,San Diego County,72900,83300,93700,104100,112450,120800,129100,137450
92040,San Diego County,72900,83300,93700,104100,112450,120800,129100,137450
92046,San Diego County,72900,83300,93700,104100,112450,120800,129100,137450
92049,San Diego County,72900,83300,93700,104100,112450,120800,129100,137450
92051,San Diego County,72900,83300,93700,104100,112450,120800,129100,137450
92052,San Diego County,72900,83300,93700,104100,112450,120800,129100,137450
92054,San Diego County,72900,83300,93700,104100,112450,120800,129100,137450
92055,San Diego County,72900,83300,93700,104100,112450,120800,129100,137450
92056,San Diego County,72900,83300,93700,104100,112450,120800,129100,137450
92057,San Diego County,72900,83300,93700,104100,112450,120800,129100,137450
92058,San Diego County,72900,83300,93700,104100,112450,120800,129100,137450
92059,San Diego County,72900,83300,93700,104100,112450,120800,129100,137450
92060,San Diego County,72900,83300,93700,104100,112450,120800,129100,137450
92061,San Diego County,72900,83300,93700,104100,112450,120800,129100,137450
92064,San Diego County,72900,83300,93700,104100,112450,120800,129100,137450
92065,San Diego County,72900,83300,93700,104100,112450,120800,129100,137450
92066,San Diego County,72900,83300,93700,104100,112450,120800,129100,137450
92067,San Diego County,72900,83300,93700,104100,112450,120800,129100,137450
92068,San Diego County,72900,83300,93700,104100,112450,120800,129100,137450
92069,San Diego County,72900,83300,93700,104100,112450,120800,129100,137450
92070,San Diego County,72900,83300,93700,104100,112450,120800,129100,137450
92071,San Diego County,72900,83300,93700,104100,112450,120800,129100,137450
92072,San Diego County,72900,83300,93700,104100,112450,120800,129100,137450
92074,San Diego County,72900,83300,93700,104100,112450,120800,129100,137450
92075,San Diego County,72900,83300,93700,104100,112450,120800,129100,137450
92078,San Diego County,72900,83300,93700,104100,112450,120800,129100,137450
92079,San Diego County,72900,83300,93700,104100,112450,120800,129100,137450
92081,San Diego County,72900,83300,93700,104100,112450,120800,129100,137450
92082,San Diego County,72900,83300,93700,104100,112450,120800,129100,137450
92083,San Diego County,72900,83300,93700,104100,112450,120800,129100,137450
92084,San Diego County,72900,83300,93700,104100,112450,120800,129100,137450
92085,San Diego County,72900,83300,93700,104100,112450,120800,129100,137450
92086,San Diego County,72900,83300,93700,104100,112450,120800,129100,137450
92088,San Diego County,72900,83300,93700,104100,112450,120800,129100,137450
92090,San Diego County,72900,83300,93700,104100,112450,120800,129100,137450
92091,San Diego County,72900,83300,93700,104100,112450,120800,129100,137450
92092,San Diego County,72900,83300,93700,104100,112450,120800,129100,137450
92093,San Diego County,72900,83300,93700,104100,112450,120800,129100,137450
92096,San Diego County,72900,83300,93700,104100,112450,120800,129100,137450
92101,San Diego County,72900,83300,93700,104100,112450,120800,129100,137450
92102,San Diego County,72900,83300,93700,104100,112450,120800,129100,137450
92103,San Diego County,72900,83300,93700,104100,112450,120800,129100,137450
92104,San Diego County,72900,83300,93700,104100,112450,120800,129100,137450
92105,San Diego County,72900,83300,93700,104100,112450,120800,129100,137450
92106,San Diego County,72900,83300,93700,104100,112450,120800,129100,137450
92107,San Diego County,72900,83300,93700,104100,112450,120800,129100,137450
92108,San Diego County,72900,83300,93700,104100,112450,120800,129100,137450
92109,San Diego County,72900,83300,93700,104100,112450,120800,129100,137450
92110,San Diego County,72900,83300,93700,104100,112450,120800,129100,137450
92111,San Diego County,72900,83300,93700,104100,112450,120800,129100,137450
92112,San Diego County,72900,83300,93700,104100,112450,120800,129100,137450
92113,San Diego County,72900,83300,93700,104100,112450,120800,129100,137450
92114,San Diego County,72900,83300,93700,104100,112450,120800,129100,137450
92115,San Diego County,72900,83300,93700,104100,112450,120800,129100,137450
92116,San Diego County,72900,83300,93700,104100,112450,120800,129100,137450
92117,San Diego County,72900,83300,93700,104100,112450,120800,129100,137450
92118,San Diego County,72900,83300,93700,104100,112450,120800,129100,137450
92119,San Diego County,72900,83300,93700,104100,112450,120800,129100,137450
92120,San Diego County,72900,83300,93700,104100,112450,120800,129100,137450
92121,San Diego County,72900,83300,93700,104100,112450,120800,129100,137450
92122,San Diego County,72900,83300,93700,104100,112450,120800,129100,137450
92123,San Diego County,72900,83300,93700,104100,112450,120800,129100,137450
92124,San Diego County,72900,83300,93700,104100,112450,120800,129100,137450
92126,San Diego County,72900,83300,93700,104100,112450,120800,129100,137450
92127,San Diego County,72900,83300,93700,104100,112450,120800,129100,137450
92128,San Diego County,72900,83300,93700,104100,112450,120800,129100,137450
92129,San Diego County,72900,83300,93700,104100,112450,120800,129100,137450
92130,San Diego County,72900,83300,93700,104100,112450,120800,129100,137450
92131,San Diego County,72900,83300,93700,104100,112450,120800,129100,137450
92132,San Diego County,72900,83300,93700,104100,112450,120800,129100,137450
92133,San Diego County,72900,83300,93700,104100,112450,120800,129100,137450
92134,San Diego County,72900,83300,93700,104100,112450,120800,129100,137450
92135,San Diego County,72900,83300,93700,104100,112450,120800,129100,137450
92136,San Diego County,72900,83300,93700,104100,112450,120800,129100,137450
92137,San Diego County,72900,83300,93700,104100,112450,120800,129100,137450
92138,San Diego County,72900,83300,93700,104100,112450,120800,129100,137450
92139,San Diego County,72900,83300,93700,104100,112450,120800,129100,137450
92140,San Diego County,72900,83300,93700,104100,112450,120800,129100,137450
92142,San Diego County,72900,83300,93700,104100,112450,120800,129100,137450
92143,San Diego County,72900,83300,93700,104100,112450,120800,129100,137450
92145,San Diego County,72900,83300,93700,104100,112450,120800,129100,137450
92147,San Diego County,72900,83300,93700,104100,112450,120800,129100,137450
92149,San Diego County,72900,83300,93700,104100,112450,120800,129100,137450
92150,San Diego County,72900,83300,93700,104100,112450,120800,129100,137450
92152,San Diego County,72900,83300,93700,104100,112450,120800,129100,137450
92153,San Diego County,72900,83300,93700,104100,112450,120800,129100,137450
92154,San Diego County,72900,83300,93700,104100,112450,120800,129100,137450
92155,San Diego County,72900,83300,93700,104100,112450,120800,129100,137450
92158,San Diego County,72900,83300,93700,104100,112450,120800,129100,137450
92159,San Diego County,72900,83300,93700,104100,112450,120800,129100,137450
92160,San Diego County,72900,83300,93700,104100,112450,120800,129100,137450
92161,San Diego County,72900,83300,93700,104100,112450,120800,129100,137450
92162,San Diego County,72900,83300,93700,104100,112450,120800,129100,137450
92163,San Diego County,72900,83300,93700,104100,112450,120800,129100,137450
92164,San Diego County,72900,83300,93700,104100,112450,120800,129100,137450
92165,San Diego County,72900,83300,93700,104100,112450,120800,129100,137450
92166,San Diego County,72900,83300,93700,104100,112450,120800,129100,137450
92167,San Diego County,72900,83300,93700,104100,112450,120800,129100,137450
92168,San Diego County,72900,83300,93700,104100,112450,120800,129100,137450
92169,San Diego County,72900,83300,93700,104100,112450,120800,129100,137450
92170,San Diego County,72900,83300,93700,104100,112450,120800,129100,137450
92171,San Diego County,72900,83300,93700,104100,112450,120800,129100,137450
92172,San Diego County,72900,83300,93700,104100,112450,120800,129100,137450
92173,San Diego County,72900,83300,93700,104100,112450,120800,129100,137450
92174,San Diego County,72900,83300,93700,104100,112450,120800,129100,137450
92175,San Diego County,72900,83300,93700,104100,112450,120800,129100,137450
92176,San Diego County,72900,83300,93700,104100,112450,120800,129100,137450
92177,San Diego County,72900,83300,93700,104100,112450,120800,129100,137450
92178,San Diego County,72900,83300,93700,104100,112450,120800,129100,137450
92179,San Diego County,72900,83300,93700,104100,112450,120800,129100,137450
92182,San Diego County,72900,83300,93700,104100,112450,120800,129100,137450
92184,San Diego County,72900,83300,93700,104100,112450,120800,129100,137450
92186,San Diego County,72900,83300,93700,104100,112450,120800,129100,137450
92187,San Diego County,72900,83300,93700,104100,112450,120800,129100,137450
92190,San Diego County,72900,83300,93700,104100,112450,120800,129100,137450
92191,San Diego County,72900,83300,93700,104100,112450,120800,129100,137450
92192,San Diego County,72900,83300,93700,104100,112450,120800,129100,137450
92193,San Diego County,72900,83300,93700,104100,112450,120800,129100,137450
92194,San Diego County,72900,83300,93700,104100,112450,120800,129100,137450
92195,San Diego County,72900,83300,93700,104100,112450,120800,129100,137450
92196,San Diego County,72900,83300,93700,104100,112450,120800,129100,137450
92197,San Diego County,72900,83300,93700,104100,112450,120800,129100,137450
92198,San Diego County,72900,83300,93700,104100,112450,120800,129100,137450
92199,San Diego County,72900,83300,93700,104100,112450,120800,129100,137450
92201,Riverside County,49300,56350,63400,70400,76050,81700,87300,92950
92202,Riverside County,49300,56350,63400,70400,76050,81700,87300,92950
92203,Riverside County,49300,56350,63400,70400,76050,81700,87300,92950
92210,Riverside County,49300,56350,63400,70400,76050,81700,87300,92950
92211,Riverside County,49300,56350,63400,70400,76050,81700,87300,92950
92220,Riverside County,49300,56350,63400,70400,76050,81700,87300,92950
92222,Imperial County,43650,49850,56100,62300,67300,72300,77300,82250
92223,Riverside County,49300,56350,63400,70400,76050,81700,87300,92950
92225,Riverside County,49300,56350,63400,70400,76050,81700,87300,92950
92226,Riverside County,49300,56350,63400,70400,76050,81700,87300,92950
92227,Imperial County,43650,49850,56100,62300,67300,72300,77300,82250
92230,Riverside County,49300,56350,63400,70400,76050,81700,87300,92950
92231,Imperial County,43650,49850,56100,62300,67300,72300,77300,82250
92232,Imperial County,43650,49850,56100,62300,67300,72300,77300,82250
92233,Imperial County,43650,49850,56100,62300,67300,72300,77300,82250
92234,Riverside County,49300,56350,63400,70400,76050,81700,87300,92950
92235,Riverside County,49300,56350,63400,70400,76050,81700,87300,92950
92236,Riverside County,49300,56350,63400,70400,76050,81700,87300,92950
92239,Riverside County,49300,56350,63400,70400,76050,81700,87300,92950
92240,Riverside County,49300,56350,63400,70400,76050,81700,87300,92950
92241,Riverside County,49300,56350,63400,70400,76050,81700,87300,92950
92243,Imperial County,43650,49850,56100,62300,67300,72300,77300,82250
92244,Imperial County,43650,49850,56100,62300,67300,72300,77300,82250
92249,Imperial County,43650,49850,56100,62300,67300,72300,77300,82250
92250,Imperial County,43650,49850,56100,62300,67300,72300,77300,82250
92251,Imperial County,43650,49850,56100,62300,67300,72300,77300,82250
92253,Riverside County,49300,56350,63400,70400,76050,81700,87300,92950
92254,Riverside County,49300,56350,63400,70400,76050,81700,87300,92950
92255,Riverside County,49300,56350,63400,70400,76050,81700,87300,92950
92257,Imperial County,43650,49850,56100,62300,67300,72300,77300,82250
92258,Riverside County,49300,56350,63400,70400,76050,81700,87300,92950
92259,Imperial County,43650,49850,56100,62300,67300,72300,77300,82250
92260,Riverside County,49300,56350,63400,70400,76050,81700,87300,92950
92261,Riverside County,49300,56350,63400,70400,76050,81700,87300,92950
92262,Riverside County,49300,56350,63400,70400,76050,81700,87300,92950
92263,Riverside County,49300,56350,63400,70400,76050,81700,87300,92950
92264,Riverside County,49300,56350,63400,70400,76050,81700,87300,92950
92266,Imperial County,43650,49850,56100,62300,67300,72300,77300,82250
92270,Riverside County,49300,56350,63400,70400,76050,81700,87300,92950
92273,Imperial County,43650,49850,56100,62300,67300,72300,77300,82250
92274,Imperial County,43650,49850,56100,62300,67300,72300,77300,82250
92275,Imperial County,43650,49850,56100,62300,67300,72300,77300,82250
92276,Riverside County,49300,56350,63400,70400,76050,81700,87300,92950
92281,Imperial County,43650,49850,56100,62300,67300,72300,77300,82250
92282,Riverside County,49300,56350,63400,70400,76050,81700,87300,92950
92283,Imperial County,43650,49850,56100,62300,67300,72300,77300,82250
92292,Riverside County,49300,56350,63400,70400,76050,81700,87300,92950
92320,Riverside County,49300,56350,63400,70400,76050,81700,87300,92950
92501,Riverside County,49300,56350,63400,70400,76050,81700,87300,92950
92502,Riverside County,49300,56350,63400,70400,76050,81700,87300,92950
92503,Riverside County,49300,56350,63400,70400,76050,81700,87300,92950
92504,Riverside County,49300,56350,63400,70400,76050,81700,87300,92950
92505,Riverside County,49300,56350,63400,70400,76050,81700,87300,92950
92506,Riverside County,49300,56350,63400,70400,76050,81700,87300,92950
92507,Riverside County,49300,56350,63400,70400,76050,81700,87300,92950
92508,Riverside County,49300,56350,63400,70400,76050,81700,87300,92950
92509,Riverside County,49300,56350,63400,70400,76050,81700,87300,92950
92513,Riverside County,49300,56350,63400,70400,76050,81700,87300,92950
92514,Riverside County,49300,56350,63400,70400,76050,81700,87300,92950
92515,Riverside County,49300,56350,63400,70400,76050,81700,87300,92950
92516,Riverside County,49300,56350,63400,70400,76050,81700,87300,92950
92517,Riverside County,49300,56350,63400,70400,76050,81700,87300,92950
92518,Riverside County,49300,56350,63400,70400,76050,81700,87300,92950
92519,Riverside County,49300,56350,63400,70400,76050,81700,87300,92950
92521,Riverside County,49300,56350,63400,70400,76050,81700,87300,92950
92522,Riverside County,49300,56350,63400,70400,76050,81700,87300,92950
92530,Riverside County,49300,56350,63400,70400,76050,81700,87300,92950
92531,Riverside County,49300,56350,63400,70400,76050,81700,87300,92950
92532,Riverside County,49300,56350,63400,70400,76050,81700,87300,92950
92536,Riverside County,49300,56350,63400,70400,76050,81700,87300,92950
92539,Riverside County,49300,56350,63400,70400,76050,81700,87300,92950
92543,Riverside County,49300,56350,63400,70400,76050,81700,87300,92950
92544,Riverside County,49300,56350,63400,70400,76050,81700,87300,92950
92545,Riverside County,49300,56350,63400,70400,76050,81700,87300,92950
92546,Riverside County,49300,56350,63400,70400,76050,81700,87300,92950
92548,Riverside County,49300,56350,63400,70400,76050,81700,87300,92950
92549,Riverside County,49300,56350,63400,70400,76050,81700,87300,92950
92551,Riverside County,49300,56350,63400,70400,76050,81700,87300,92950
92552,Riverside County,49300,56350,63400,70400,76050,81700,87300,92950
92553,Riverside County,49300,56350,63400,70400,76050,81700,87300,92950
92554,Riverside County,49300,56350,63400,70400,76050,81700,87300,92950
92555,Riverside County,49300,56350,63400,70400,76050,81700,87300,92950
92556,Riverside County,49300,56350,63400,70400,76050,81700,87300,92950
92557,Riverside County,49300,56350,63400,70400,76050,81700,87300,92950
92561,Riverside County,49300,56350,63400,70400,76050,81700,87300,92950
92562,Riverside County,49300,56350,63400,70400,76050,81700,87300,92950
92563,Riverside County,49300,56350,63400,70400,76050,81700,87300,92950
92564,Riverside County,49300,56350,63400,70400,76050,81700,87300,92950
92567,Riverside County,49300,56350,63400,70400,76050,81700,87300,92950
92570,Riverside County,49300,56350,63400,70400,76050,81700,87300,92950
92571,Riverside County,49300,56350,63400,70400,76050,81700,87300,92950
92572,Riverside County,49300,56350,63400,70400,76050,81700,87300,92950
92581,Riverside County,49300,56350,63400,70400,76050,81700,87300,92950
92582,Riverside County,49300,56350,63400,70400,76050,81700,87300,92950
92583,Riverside County,49300,56350,63400,70400,76050,81700,87300,92950
92584,Riverside County,49300,56350,63400,70400,76050,81700,87300,92950
92585,Riverside County,49300,56350,63400,70400,76050,81700,87300,92950
92586,Riverside County,49300,56350,63400,70400,76050,81700,87300,92950
92587,Riverside County,49300,56350,63400,70400,76050,81700,87300,92950
92589,Riverside County,49300,56350,63400,70400,76050,81700,87300,92950
92590,Riverside County,49300,56350,63400,70400,76050,81700,87300,92950
92591,Riverside County,49300,56350,63400,70400,76050,81700,87300,92950
92592,Riverside County,49300,56350,63400,70400,76050,81700,87300,92950
92593,Riverside County,49300,56350,63400,70400,76050,81700,87300,92950
92595,Riverside County,49300,56350,63400,70400,76050,81700,87300,92950
92596,Riverside County,49300,56350,63400,70400,76050,81700,87300,92950
92599,Riverside County,49300,56350,63400,70400,76050,81700,87300,92950
92860,Riverside County,49300,56350,63400,70400,76050,81700,87300,92950
92877,Riverside County,49300,56350,63400,70400,76050,81700,87300,92950
92878,Riverside County,49300,56350,63400,70400,76050,81700,87300,92950
92879,Riverside County,49300,56350,63400,70400,76050,81700,87300,92950
92880,Riverside County,49300,56350,63400,70400,76050,81700,87300,92950
92881,Riverside County,49300,56350,63400,70400,76050,81700,87300,92950
92882,Riverside County,49300,56350,63400,70400,76050,81700,87300,92950
92883,Riverside County,49300,56350,63400,70400,76050,81700,87300,92950
93001,Ventura County,70250,80300,90350,100350,108400,116450,124450,132500
93002,Ventura County,70250,80300,90350,100350,108400,116450,124450,132500
93003,Ventura County,70250,80300,90350,100350,108400,116450,124450,132500
93004,Ventura County,70250,80300,90350,100350,108400,116450,124450,132500
93005,Ventura County,70250,80300,90350,100350,108400,116450,124450,132500
93006,Ventura County,70250,80300,90350,100350,108400,116450,124450,132500
93007,Ventura County,70250,80300,90350,100350,108400,116450,124450,132500
93009,Ventura County,70250,80300,90350,100350,108400,116450,124450,132500
93010,Ventura County,70250,80300,90350,100350,108400,116450,124450,132500
93011,Ventura County,70250,80300,90350,100350,108400,116450,124450,132500
93012,Ventura County,70250,80300,90350,100350,108400,116450,124450,132500
93013,Santa Barbara County,78350,89550,100750,111900,120900,129850,138800,147750
93014,Santa Barbara County,78350,89550,100750,111900,120900,129850,138800,147750
93015,Ventura County,70250,80300,90350,100350,108400,116450,124450,132500
93016,Ventura County,70250,80300,90350,100350,108400,116450,124450,132500
93020,Ventura County,70250,80300,90350,100350,108400,116450,124450,132500
93021,Ventura County,70250,80300,90350,100350,108400,116450,124450,132500
93022,Ventura County,70250,80300,90350,100350,108400,116450,124450,132500
93023,Ventura County,70250,80300,90350,100350,108400,116450,124450,132500
93024,Ventura County,70250,80300,90350,100350,108400,116450,124450,132500
93030,Ventura County,70250,80300,90350,100350,108400,116450,124450,132500
93031,Ventura County,70250,80300,90350,100350,108400,116450,124450,132500
93032,Ventura County,70250,80300,90350,100350,108400,116450,124450,132500
93033,Ventura County,70250,80300,90350,100350,108400,116450,124450,132500
93034,Ventura County,70250,80300,90350,100350,108400,116450,124450,132500
93035,Ventura County,70250,80300,90350,100350,108400,116450,124450,132500
93040,Ventura County,70250,80300,90350,100350,108400,116450,124450,132500
93041,Ventura County,70250,80300,90350,100350,108400,116450,124450,132500
93042,Ventura County,70250,80300,90350,100350,108400,116450,124450,132500
93043,Ventura County,70250,80300,90350,100350,108400,116450,124450,132500
93044,Ventura County,70250,80300,90350,100350,108400,116450,124450,132500
93060,Ventura County,70250,80300,90350,100350,108400,116450,124450,132500
93061,Ventura County,70250,80300,90350,100350,108400,116450,124450,132500
93062,Ventura County,70250,80300,90350,100350,108400,116450,124450,132500
93063,Ventura County,70250,80300,90350,100350,108400,116450,124450,132500
93064,Ventura County,70250,80300,90350,100350,108400,116450,124450,132500
93065,Ventura County,70250,80300,90350,100350,108400,116450,124450,132500
93066,Ventura County,70250,80300,90350,100350,108400,116450,124450,132500
93067,Santa Barbara County,78350,89550,100750,111900,120900,129850,138800,147750
93093,Ventura County,70250,80300,90350,100350,108400,116450,124450,132500
93094,Ventura County,70250,80300,90350,100350,108400,116450,124450,132500
93099,Ventura County,70250,80300,90350,100350,108400,116450,124450,132500
93101,Santa Barbara County,78350,89550,100750,111900,120900,129850,138800,147750
93102,Santa Barbara County,78350,89550,100750,111900,120900,129850,138800,147750
93103,Santa Barbara County,78350,89550,100750,111900,120900,129850,138800,147750
93105,Santa Barbara County,78350,89550,100750,111900,120900,129850,138800,147750
93106,Santa Barbara County,78350,89550,100750,111900,120900,129850,138800,147750
93107,Santa Barbara County,78350,89550,100750,111900,120900,129850,138800,147750
93108,Santa Barbara County,78350,89550,100750,111900,120900,129850,138800,147750
93109,Santa Barbara County,78350,89550,100750,111900,120900,129850,138800,147750
93110,Santa Barbara County,78350,89550,100750,111900,120900,129850,138800,147750
93111,Santa Barbara County,78350,89550,100750,111900,120900,129850,138800,147750
93116,Santa Barbara County,78350,89550,100750,111900,120900,129850,138800,147750
93117,Santa Barbara County,78350,89550,100750,111900,120900,129850,138800,147750
93118,Santa Barbara County,78350,89550,100750,111900,120900,129850,138800,147750
93120,Santa Barbara County,78350,89550,100750,111900,120900,129850,138800,147750
93121,Santa Barbara County,78350,89550,100750,111900,120900,129850,138800,147750
93130,Santa Barbara County,78350,89550,100750,111900,120900,129850,138800,147750
93140,Santa Barbara County,78350,89550,100750,111900,120900,129850,138800,147750
93150,Santa Barbara County,78350,89550,100750,111900,120900,129850,138800,147750
93160,Santa Barbara County,78350,89550,100750,111900,120900,129850,138800,147750
93190,Santa Barbara County,78350,89550,100750,111900,120900,129850,138800,147750
93199,Santa Barbara County,78350,89550,100750,111900,120900,129850,138800,147750
93201,Tulare County,43650,49850,56100,62300,67300,72300,77300,82250
93202,Kings County,43650,49850,56100,62300,67300,72300,77300,82250
93203,Kern County,43650,49850,56100,62300,67300,72300,77300,82250
93204,Kings County,43650,49850,56100,62300,67300,72300,77300,82250
93205,Kern County,43650,49850,56100,62300,67300,72300,77300,82250
93206,Kern County,43650,49850,56100,62300,67300,72300,77300,82250
93207,Tulare County,43650,49850,56100,62300,67300,72300,77300,82250
93208,Tulare County,43650,49850,56100,62300,67300,72300,77300,82250
93210,Fresno County,43650,49850,56100,62300,67300,72300,77300,82250
93212,Kings County,43650,49850,56100,62300,67300,72300,77300,82250
93215,Kern County,43650,49850,56100,62300,67300,72300,77300,82250
93216,Kern County,43650,49850,56100,62300,67300,72300,77300,82250
93218,Tulare County,43650,49850,56100,62300,67300,72300,77300,82250
93219,Tulare County,43650,49850,56100,62300,67300,72300,77300,82250
93220,Kern County,43650,49850,56100,62300,67300,72300,77300,82250
93221,Tulare County,43650,49850,56100,62300,67300,72300,77300,82250
93222,Kern County,43650,49850,56100,62300,67300,72300,77300,82250
93223,Tulare County,43650,49850,56100,62300,67300,72300,77300,82250
93224,Kern County,43650,49850,56100,62300,67300,72300,77300,82250
93225,Kern County,43650,49850,56100,62300,67300,72300,77300,82250
93226,Kern County,43650,49850,56100,62300,67300,72300,77300,82250
93227,Tulare County,43650,49850,56100,62300,67300,72300,77300,82250
93230,Kings County,43650,49850,56100,62300,67300,72300,77300,82250
93231,Kings County,43650,49850,56100,62300,67300,72300,77300,82250
93232,Kings County,43650,49850,56100,62300,67300,72300,77300,82250
93234,Fresno County,43650,49850,56100,62300,67300,72300,77300,82250
93235,Tulare County,43650,49850,56100,62300,67300,72300,77300,82250
93237,Tulare County,43650,49850,56100,62300,67300,72300,77300,82250
93238,Kern County,43650,49850,56100,62300,67300,72300,77300,82250
93239,Kings County,43650,49850,56100,62300,67300,72300,77300,82250
93240,Kern County,43650,49850,56100,62300,67300,72300,77300,82250
93241,Kern County,43650,49850,56100,62300,67300,72300,77300,82250
93242,Fresno County,43650,49850,56100,62300,67300,72300,77300,82250
93243,Kern County,43650,49850,56100,62300,67300,72300,77300,82250
93244,Tulare County,43650,49850,56100,62300,67300,72300,77300,82250
93245,Kings County,43650,49850,56100,62300,67300,72300,77300,82250
93246,Kings County,43650,49850,56100,62300,67300,72300,77300,82250
93247,Tulare County,43650,49850,56100,62300,67300,72300,77300,82250
93249,Kern County,43650,49850,56100,62300,67300,72300,77300,82250
93250,Kern County,43650,49850,56100,62300,67300,72300,77300,82250
93251,Kern County,43650,49850,56100,62300,67300,72300,77300,82250
93252,Kern County,43650,49850,56100,62300,67300,72300,77300,82250
93254,Santa Barbara County,78350,89550,100750,111900,120900,129850,138800,147750
93255,Kern County,43650,49850,56100,62300,67300,72300,77300,82250
93256,Tulare County,43650,49850,56100,62300,67300,72300,77300,82250
93257,Tulare County,43650,49850,56100,62300,67300,72300,77300,82250
93258,Tulare County,43650,49850,56100,62300,67300,72300,77300,82250
93260,Tulare County,43650,49850,56100,62300,67300,72300,77300,82250
93261,Tulare County,43650,49850,56100,62300,67300,72300,77300,82250
93262,Tulare County,43650,49850,56100,62300,67300,72300,77300,82250
93263,Kern County,43650,49850,56100,62300,67300,72300,77300,82250
93265,Tulare County,43650,49850,56100,62300,67300,72300,77300,82250
93266,Kings County,43650,49850,56100,62300,67300,72300,77300,82250
93267,Tulare County,43650,49850,56100,62300,67300,72300,77300,82250
93268,Kern County,43650,49850,56100,62300,67300,72300,77300,82250
93270,Tulare County,43650,49850,56100,62300,67300,72300,77300,82250
93271,Tulare County,43650,49850,56100,62300,67300,72300,77300,82250
93272,Tulare County,43650,49850,56100,62300,67300,72300,77300,82250
93274,Tulare County,43650,49850,56100,62300,67300,72300,77300,82250
93275,Tulare County,43650,49850,56100,62300,67300,72300,77300,82250
93276,Kern County,43650,49850,56100,62300,67300,72300,77300,82250
93277,Tulare County,43650,49850,56100,62300,67300,72300,77300,82250
93278,Tulare County,43650,49850,56100,62300,67300,72300,77300,82250
93279,Tulare County,43650,49850,56100,62300,67300,72300,77300,82250
93280,Kern County,43650,49850,56100,62300,67300,72300,77300,82250
93282,Tulare County,43650,49850,56100,62300,67300,72300,77300,82250
93283,Kern County,43650,49850,56100,62300,67300,72300,77300,82250
93285,Kern County,43650,49850,56100,62300,67300,72300,77300,82250
93286,Tulare County,43650,49850,56100,62300,67300,72300,77300,82250
93287,Kern County,43650,49850,56100,62300,67300,72300,77300,82250
93291,Tulare County,43650,49850,56100,62300,67300,72300,77300,82250
93292,Tulare County,43650,49850,56100,62300,67300,72300,77300,82250
93301,Kern County,43650,49850,56100,62300,67300,72300,77300,82250
93302,Kern County,43650,49850,56100,62300,67300,72300,77300,82250
93303,Kern County,43650,49850,56100,62300,67300,72300,77300,82250
93304,Kern County,43650,49850,56100,62300,67300,72300,77300,82250
93305,Kern County,43650,49850,56100,62300,67300,72300,77300,82250
93306,Kern County,43650,49850,56100,62300,67300,72300,77300,82250
93307,Kern County,43650,49850,56100,62300,67300,72300,77300,82250
93308,Kern County,43650,49850,56100,62300,67300,72300,77300,82250
93309,Kern County,43650,49850,56100,62300,67300,72300,77300,82250
93311,Kern County,43650,49850,56100,62300,67300,72300,77300,82250
93312,Kern County,43650,49850,56100,62300,67300,72300,77300,82250
93313,Kern County,43650,49850,56100,62300,67300,72300,77300,82250
93314,Kern County,43650,49850,56100,62300,67300,72300,77300,82250
93380,Kern County,43650,49850,56100,62300,67300,72300,77300,82250
93381,Kern County,43650,49850,56100,62300,67300,72300,77300,82250
93382,Kern County,43650,49850,56100,62300,67300,72300,77300,82250
93383,Kern County,43650,49850,56100,62300,67300,72300,77300,82250
93384,Kern County,43650,49850,56100,62300,67300,72300,77300,82250
93385,Kern County,43650,49850,56100,62300,67300,72300,77300,82250
93386,Kern County,43650,49850,56100,62300,67300,72300,77300,82250
93387,Kern County,43650,49850,56100,62300,67300,72300,77300,82250
93388,Kern County,43650,49850,56100,62300,67300,72300,77300,82250
93389,Kern County,43650,49850,56100,62300,67300,72300,77300,82250
93390,Kern County,43650,49850,56100,62300,67300,72300,77300,82250
93401,San Luis Obispo County,61250,70000,78750,87500,94500,101500,108500,115500
93402,San Luis Obispo County,61250,70000,78750,87500,94500,101500,108500,115500
93403,San Luis Obispo County,61250,70000,78750,87500,94500,101500,108500,115500
93405,San Luis Obispo County,61250,70000,78750,87500,94500,101500,108500,115500
93406,San Luis Obispo County,61250,70000,78750,87500,94500,101500,108500,115500
93407,San Luis Obispo County,61250,70000,78750,87500,94500,101500,108500,115500
93408,San Luis Obispo County,61250,70000,78750,87500,94500,101500,108500,115500
93409,San Luis Obispo County,61250,70000,78750,87500,94500,101500,108500,115500
93410,San Luis Obispo County,61250,70000,78750,87500,94500,101500,108500,115500
93412,San Luis Obispo County,61250,70000,78750,87500,94500,101500,108500,115500
93420,San Luis Obispo County,61250,70000,78750,87500,94500,101500,108500,115500
93421,San Luis Obispo County,61250,70000,78750,87500,94500,101500,108500,115500
93422,San Luis Obispo County,61250,70000,78750,87500,94500,101500,108500,115500
93423,San Luis Obispo County,61250,70000,78750,87500,94500,101500,108500,115500
93424,San Luis Obispo County,61250,70000,78750,87500,94500,101500,108500,115500
93426,Monterey County,63700,72800,81900,91000,98300,105600,112850,120150
93427,Santa Barbara County,78350,89550,100750,111900,120900,129850,138800,147750
93428,San Luis Obispo County,61250,70000,78750,87500,94500,101500,108500,115500
93429,Santa Barbara County,78350,89550,100750,111900,120900,129850,138800,147750
93430,San Luis Obispo County,61250,70000,78750,87500,94500,101500,108500,115500
93432,San Luis Obispo County,61250,70000,78750,87500,94500,101500,108500,115500
93433,San Luis Obispo County,61250,70000,78750,87500,94500,101500,108500,115500
93434,Santa Barbara County,78350,89550,100750,111900,120900,129850,138800,147750
93435,San Luis Obispo County,61250,70000,78750,87500,94500,101500,108500,115500
93436,Santa Barbara County,78350,89550,100750,111900,120900,129850,138800,147750
93437,Santa Barbara County,78350,89550,100750,111900,120900,129850,138800,147750
93438,Santa Barbara County,78350,89550,100750,111900,120900,129850,138800,147750
93440,Santa Barbara County,78350,89550,100750,111900,120900,129850,138800,147750
93441,Santa Barbara County,78350,89550,100750,111900,120900,129850,138800,147750
93442,San Luis Obispo County,61250,70000,78750,87500,94500,101500,108500,115500
93443,San Luis Obispo County,61250,70000,78750,87500,94500,101500,108500,115500
93444,San Luis Obispo County,61250,70000,78750,87500,94500,101500,108500,115500
93445,San Luis Obispo County,61250,70000,78750,87500,94500,101500,108500,115500
93446,San Luis Obispo County,61250,70000,78750,87500,94500,101500,108500,115500
93447,San Luis Obispo County,61250,70000,78750,87500,94500,101500,108500,115500
93448,San Luis Obispo County,61250,70000,78750,87500,94500,101500,108500,115500
93449,San Luis Obispo County,61250,70000,78750,87500,94500,101500,108500,115500
93450,Monterey County,63700,72800,81900,91000,98300,105600,112850,120150
93451,San Luis Obispo County,61250,70000,78750,87500,94500,101500,108500,115500
93452,San Luis Obispo County,61250,70000,78750,87500,94500,101500,108500,115500
93453,San Luis Obispo County,61250,70000,78750,87500,94500,101500,108500,115500
93454,Santa Barbara County,78350,89550,100750,111900,120900,129850,138800,147750
93455,Santa Barbara County,78350,89550,100750,111900,120900,129850,138800,147750
93456,Santa Barbara County,78350,89550,100750,111900,120900,129850,138800,147750
93457,Santa Barbara County,78350,89550,100750,111900,120900,129850,138800,147750
93458,Santa Barbara County,78350,89550,100750,111900,120900,129850,138800,147750
93460,Santa Barbara County,78350,89550,100750,111900,120900,129850,138800,147750
93461,San Luis Obispo County,61250,70000,78750,87500,94500,101500,108500,115500
93463,Santa Barbara County,78350,89550,100750,111900,120900,129850,138800,147750
93464,Santa Barbara County,78350,89550,100750,111900,120900,129850,138800,147750
93465,San Luis Obispo County,61250,70000,78750,87500,94500,101500,108500,115500
93483,San Luis Obispo County,61250,70000,78750,87500,94500,101500,108500,115500
93501,Kern County,43650,49850,56100,62300,67300,72300,77300,82250
93502,Kern County,43650,49850,56100,62300,67300,72300,77300,82250
93504,Kern County,43650,49850,56100,62300,67300,72300,77300,82250
93505,Kern County,43650,49850,56100,62300,67300,72300,77300,82250
93516,Kern County,43650,49850,56100,62300,67300,72300,77300,82250
93518,Kern County,43650,49850,56100,62300,67300,72300,77300,82250
93519,Kern County,43650,49850,56100,62300,67300,72300,77300,82250
93523,Kern County,43650,49850,56100,62300,67300,72300,77300,82250
93524,Kern County,43650,49850,56100,62300,67300,72300,77300,82250
93527,Kern County,43650,49850,56100,62300,67300,72300,77300,82250
93528,Kern County,43650,49850,56100,62300,67300,72300,77300,82250
93531,Kern County,43650,49850,56100,62300,67300,72300,77300,82250
93554,Kern County,43650,49850,56100,62300,67300,72300,77300,82250
93555,Kern County,43650,49850,56100,62300,67300,72300,77300,82250
93556,Kern County,43650,49850,56100,62300,67300,72300,77300,82250
93560,Kern County,43650,49850,56100,62300,67300,72300,77300,82250
93561,Kern County,43650,49850,56100,62300,67300,72300,77300,82250
93581,Kern County,43650,49850,56100,62300,67300,72300,77300,82250
93596,Kern County,43650,49850,56100,62300,67300,72300,77300,82250
93601,Madera County,43650,49850,56100,62300,67300,72300,77300,82250
93602,Fresno County,43650,49850,56100,62300,67300,72300,77300,82250
93603,Tulare County,43650,49850,56100,62300,67300,72300,77300,82250
93604,Madera County,43650,49850,56100,62300,67300,72300,77300,82250
93605,Fresno County,43650,49850,56100,62300,67300,72300,77300,82250
93606,Fresno County,43650,49850,56100,62300,67300,72300,77300,82250
93607,Fresno County,43650,49850,56100,62300,67300,72300,77300,82250
93608,Fresno County,43650,49850,56100,62300,67300,72300,77300,82250
93609,Fresno County,43650,49850,56100,62300,67300,72300,77300,82250
93610,Madera County,43650,49850,56100,62300,67300,72300,77300,82250
93611,Fresno County,43650,49850,56100,62300,67300,72300,77300,82250
93612,Fresno County,43650,49850,56100,62300,67300,72300,77300,82250
93613,Fresno County,43650,49850,56100,62300,67300,72300,77300,82250
93614,Madera County,43650,49850,56100,62300,67300,72300,77300,82250
93615,Tulare County,43650,49850,56100,62300,67300,72300,77300,82250
93616,Fresno County,43650,49850,56100,62300,67300,72300,77300,82250
93618,Tulare County,43650,49850,56100,62300,67300,72300,77300,82250
93619,Fresno County,43650,49850,56100,62300,67300,72300,77300,82250
93620,Merced County,43650,49850,56100,62300,67300,72300,77300,82250
93621,Fresno County,43650,49850,56100,62300,67300,72300,77300,82250
93622,Fresno County,43650,49850,56100,62300,67300,72300,77300,82250
93624,Fresno County,43650,49850,56100,62300,67300,72300,77300,82250
93625,Fresno County,43650,49850,56100,62300,67300,72300,77300,82250
93626,Fresno County,43650,49850,56100,62300,67300,72300,77300,82250
93627,Fresno County,43650,49850,56100,62300,67300,72300,77300,82250
93628,Fresno County,43650,49850,56100,62300,67300,72300,77300,82250
93630,Fresno County,43650,49850,56100,62300,67300,72300,77300,82250
93631,Fresno County,43650,49850,56100,62300,67300,72300,77300,82250
93633,Tulare County,43650,49850,56100,62300,67300,72300,77300,82250
93634,Fresno County,43650,49850,56100,62300,67300,72300,77300,82250
93635,Merced County,43650,49850,56100,62300,67300,72300,77300,82250
93636,Madera County,43650,49850,56100,62300,67300,72300,77300,82250
93637,Madera County,43650,49850,56100,62300,67300,72300,77300,82250
93638,Madera County,43650,49850,56100,62300,67300,72300,77300,82250
93639,Madera County,43650,49850,56100,62300,67300,72300,77300,82250
93640,Fresno County,43650,49850,56100,62300,67300,72300,77300,82250
93641,Fresno County,43650,49850,56100,62300,67300,72300,77300,82250
93642,Fresno County,43650,49850,56100,62300,67300,72300,77300,82250
93643,Madera County,43650,49850,56100,62300,67300,72300,77300,82250
93644,Madera County,43650,49850,56100,62300,67300,72300,77300,82250
93645,Madera County,43650,49850,56100,62300,67300,72300,77300,82250
93646,Fresno County,43650,49850,56100,62300,67300,72300,77300,82250
93647,Tulare County,43650,49850,56100,62300,67300,72300,77300,82250
93648,Fresno County,43650,49850,56100,62300,67300,72300,77300,82250
93649,Fresno County,43650,49850,56100,62300,67300,72300,77300,82250
93650,Fresno County,43650,49850,56100,62300,67300,72300,77300,82250
93651,Fresno County,43650,49850,56100,62300,67300,72300,77300,82250
93652,Fresno County,43650,49850,56100,62300,67300,72300,77300,82250
93653,Madera County,43650,49850,56100,62300,67300,72300,77300,82250
93654,Fresno County,43650,49850,56100,62300,67300,72300,77300,82250
93656,Fresno County,43650,49850,56100,62300,67300,72300,77300,82250
93657,Fresno County,43650,49850,56100,62300,67300,72300,77300,82250
93660,Fresno County,43650,49850,56100,62300,67300,72300,77300,82250
93661,Merced County,43650,49850,56100,62300,67300,72300,77300,82250
93662,Fresno County,43650,49850,56100,62300,67300,72300,77300,82250
93664,Fresno County,43650,49850,56100,62300,67300,72300,77300,82250
93665,Merced County,43650,49850,56100,62300,67300,72300,77300,82250
93666,Tulare County,43650,49850,56100,62300,67300,72300,77300,82250
93667,Fresno County,43650,49850,56100,62300,67300,72300,77300,82250
93668,Fresno County,43650,49850,56100,62300,67300,72300,77300,82250
93669,Madera County,43650,49850,56100,62300,67300,72300,77300,82250
93670,Tulare County,43650,49850,56100,62300,67300,72300,77300,82250
93673,Tulare County,43650,49850,56100,62300,67300,72300,77300,82250
93675,Fresno County,43650,49850,56100,62300,67300,72300,77300,82250
93701,Fresno County,43650,49850,56100,62300,67300,72300,77300,82250
93702,Fresno County,43650,49850,56100,62300,67300,72300,77300,82250
93703,Fresno County,43650,49850,56100,62300,67300,72300,77300,82250
93704,Fresno County,43650,49850,56100,62300,67300,72300,77300,82250
93705,Fresno County,43650,49850,56100,62300,67300,72300,77300,82250
93706,Fresno County,43650,49850,56100,62300,67300,72300,77300,82250
93707,Fresno County,43650,49850,56100,62300,67300,72300,77300,82250
93708,Fresno County,43650,49850,56100,62300,67300,72300,77300,82250
93709,Fresno County,43650,49850,56100,62300,67300,72300,77300,82250
93710,Fresno County,43650,49850,56100,62300,67300,72300,77300,82250
93711,Fresno County,43650,49850,56100,62300,67300,72300,77300,82250
93712,Fresno County,43650,49850,56100,62300,67300,72300,77300,82250
93714,Fresno County,43650,49850,56100,62300,67300,72300,77300,82250
93715,Fresno County,43650,49850,56100,62300,67300,72300,77300,82250
93716,Fresno County,43650,49850,56100,62300,67300,72300,77300,82250
93717,Fresno County,43650,49850,56100,62300,67300,72300,77300,82250
93718,Fresno County,43650,49850,56100,62300,67300,72300,77300,82250
93720,Fresno County,43650,49850,56100,62300,67300,72300,77300,82250
93721,Fresno County,43650,49850,56100,62300,67300,72300,77300,82250
93722,Fresno County,43650,49850,56100,62300,67300,72300,77300,82250
93723,Fresno County,43650,49850,56100,62300,67300,72300,77300,82250
93724,Fresno County,43650,49850,56100,62300,67300,72300,77300,82250
93725,Fresno County,43650,49850,56100,62300,67300,72300,77300,82250
93726,Fresno County,43650,49850,56100,62300,67300,72300,77300,82250
93727,Fresno County,43650,49850,56100,62300,67300,72300,77300,82250
93728,Fresno County,43650,49850,56100,62300,67300,72300,77300,82250
93729,Fresno County,43650,49850,56100,62300,67300,72300,77300,82250
93730,Fresno County,43650,49850,56100,62300,67300,72300,77300,82250
93737,Fresno County,43650,49850,56100,62300,67300,72300,77300,82250
93740,Fresno County,43650,49850,56100,62300,67300,72300,77300,82250
93741,Fresno County,43650,49850,56100,62300,67300,72300,77300,82250
93744,Fresno County,43650,49850,56100,62300,67300,72300,77300,82250
93745,Fresno County,43650,49850,56100,62300,67300,72300,77300,82250
93747,Fresno County,43650,49850,56100,62300,67300,72300,77300,82250
93750,Fresno County,43650,49850,56100,62300,67300,72300,77300,82250
93755,Fresno County,43650,49850,56100,62300,67300,72300,77300,82250
93759,Fresno County,43650,49850,56100,62300,67300,72300,77300,82250
93760,Fresno County,43650,49850,56100,62300,67300,72300,77300,82250
93761,Fresno County,43650,49850,56100,62300,67300,72300,77300,82250
93762,Fresno County,43650,49850,56100,62300,67300,72300,77300,82250
93764,Fresno County,43650,49850,56100,62300,67300,72300,77300,82250
93765,Fresno County,43650,49850,56100,62300,67300,72300,77300,82250
93771,Fresno County,43650,49850,56100,62300,67300,72300,77300,82250
93772,Fresno County,43650,49850,56100,62300,67300,72300,77300,82250
93773,Fresno County,43650,49850,56100,62300,67300,72300,77300,82250
93774,Fresno County,43650,49850,56100,62300,67300,72300,77300,82250
93775,Fresno County,43650,49850,56100,62300,67300,72300,77300,82250
93776,Fresno County,43650,49850,56100,62300,67300,72300,77300,82250
93777,Fresno County,43650,49850,56100,62300,67300,72300,77300,82250
93778,Fresno County,43650,49850,56100,62300,67300,72300,77300,82250
93779,Fresno County,43650,49850,56100,62300,67300,72300,77300,82250
93780,Fresno County,43650,49850,56100,62300,67300,72300,77300,82250
93782,Fresno County,43650,49850,56100,62300,67300,72300,77300,82250
93784,Fresno County,43650,49850,56100,62300,67300,72300,77300,82250
93786,Fresno County,43650,49850,56100,62300,67300,72300,77300,82250
93790,Fresno County,43650,49850,56100,62300,67300,72300,77300,82250
93791,Fresno County,43650,49850,56100,62300,67300,72300,77300,82250
93792,Fresno County,43650,49850,56100,62300,67300,72300,77300,82250
93793,Fresno County,43650,49850,56100,62300,67300,72300,77300,82250
93794,Fresno County,43650,49850,56100,62300,67300,72300,77300,82250
93844,Fresno County,43650,49850,56100,62300,67300,72300,77300,82250
93888,Fresno County,43650,49850,56100,62300,67300,72300,77300,82250
93901,Monterey County,63700,72800,81900,91000,98300,105600,112850,120150
93902,Monterey County,63700,72800,81900,91000,98300,105600,112850,120150
93905,Monterey County,63700,72800,81900,91000,98300,105600,112850,120150
93906,Monterey County,63700,72800,81900,91000,98300,105600,112850,120150
93907,Monterey County,63700,72800,81900,91000,98300,105600,112850,120150
93908,Monterey County,63700,72800,81900,91000,98300,105600,112850,120150
93912,Monterey County,63700,72800,81900,91000,98300,105600,112850,120150
93915,Monterey County,63700,72800,81900,91000,98300,105600,112850,120150
93920,Monterey County,63700,72800,81900,91000,98300,105600,112850,120150
93921,Monterey County,63700,72800,81900,91000,98300,105600,112850,120150
93922,Monterey County,63700,72800,81900,91000,98300,105600,112850,120150
93923,Monterey County,63700,72800,81900,91000,98300,105600,112850,120150
93924,Monterey County,63700,72800,81900,91000,98300,105600,112850,120150
93925,Monterey County,63700,72800,81900,91000,98300,105600,112850,120150
93926,Monterey County,63700,72800,81900,91000,98300,105600,112850,120150
93927,Monterey County,63700,72800,81900,91000,98300,105600,112850,120150
93928,Monterey County,63700,72800,81900,91000,98300,105600,112850,120150
93930,Monterey County,63700,72800,81900,91000,98300,105600,112850,120150
93932,Monterey County,63700,72800,81900,91000,98300,105600,112850,120150
93933,Monterey County,63700,72800,81900,91000,98300,105600,112850,120150
93940,Monterey County,63700,72800,81900,91000,98300,105600,112850,120150
93942,Monterey County,63700,72800,81900,91000,98300,105600,112850,120150
93943,Monterey County,63700,72800,81900,91000,98300,105600,112850,120150
93944,Monterey County,63700,72800,81900,91000,98300,105600,112850,120150
93950,Monterey County,63700,72800,81900,91000,98300,105600,112850,120150
93953,Monterey County,63700,72800,81900,91000,98300,105600,112850,120150
93954,Monterey County,63700,72800,81900,91000,98300,105600,112850,120150
93955,Monterey County,63700,72800,81900,91000,98300,105600,112850,120150
93960,Monterey County,63700,72800,81900,91000,98300,105600,112850,120150
93962,Monterey County,63700,72800,81900,91000,98300,105600,112850,120150
94503,Napa County,70550,80600,90700,100750,108850,116900,124950,133000
94508,Napa County,70550,80600,90700,100750,108850,116900,124950,133000
94515,Napa County,70550,80600,90700,100750,108850,116900,124950,133000
94558,Napa County,70550,80600,90700,100750,108850,116900,124950,133000
94559,Napa County,70550,80600,90700,100750,108850,116900,124950,133000
94562,Napa County,70550,80600,90700,100750,108850,116900,124950,133000
94567,Napa County,70550,80600,90700,100750,108850,116900,124950,133000
94573,Napa County,70550,80600,90700,100750,108850,116900,124950,133000
94574,Napa County,70550,80600,90700,100750,108850,116900,124950,133000
94576,Napa County,70550,80600,90700,100750,108850,116900,124950,133000
94581,Napa County,70550,80600,90700,100750,108850,116900,124950,133000
94599,Napa County,,,,,,,,
94922,Sonoma County,66550,76050,85550,95050,102700,110300,117900,125500
94923,Sonoma County,66550,76050,85550,95050,102700,110300,117900,125500
94926,Sonoma County,66550,76050,85550,95050,102700,110300,117900,125500
94927,Sonoma County,66550,76050,85550,95050,102700,110300,117900,125500
94928,Sonoma County,66550,76050,85550,95050,102700,110300,117900,125500
94931,Sonoma County,66550,76050,85550,95050,102700,110300,117900,125500
94951,Sonoma County,66550,76050,85550,95050,102700,110300,117900,125500
94952,Sonoma County,66550,76050,85550,95050,102700,110300,117900,125500
94953,Sonoma County,66550,76050,85550,95050,102700,110300,117900,125500
94954,Sonoma County,66550,76050,85550,95050,102700,110300,117900,125500
94955,Sonoma County,66550,76050,85550,95050,102700,110300,117900,125500
94975,Sonoma County,66550,76050,85550,95050,102700,110300,117900,125500
94999,Sonoma County,66550,76050,85550,95050,102700,110300,117900,125500
95001,Santa Cruz County,87350,99800,112300,124750,134750,144750,154700,164700
95003,Santa Cruz County,87350,99800,112300,124750,134750,144750,154700,164700
95004,Monterey County,63700,72800,81900,91000,98300,105600,112850,120150
95005,Santa Cruz County,87350,99800,112300,124750,134750,144750,154700,164700
95006,Santa Cruz County,87350,99800,112300,124750,134750,144750,154700,164700
95007,Santa Cruz County,87350,99800,112300,124750,134750,144750,154700,164700
95010,Santa Cruz County,87350,99800,112300,124750,134750,144750,154700,164700
95012,Monterey County,63700,72800,81900,91000,98300,105600,112850,120150
95017,Santa Cruz County,87350,99800,112300,124750,134750,144750,154700,164700
95018,Santa Cruz County,87350,99800,112300,124750,134750,144750,154700,164700
95019,Santa Cruz County,87350,99800,112300,124750,134750,144750,154700,164700
95033,Santa Cruz County,87350,99800,112300,124750,134750,144750,154700,164700
95039,Monterey County,63700,72800,81900,91000,98300,105600,112850,120150
95041,Santa Cruz County,87350,99800,112300,124750,134750,144750,154700,164700
95060,Santa Cruz County,87350,99800,112300,124750,134750,144750,154700,164700
95061,Santa Cruz County,87350,99800,112300,124750,134750,144750,154700,164700
95062,Santa Cruz County,87350,99800,112300,124750,134750,144750,154700,164700
95063,Santa Cruz County,87350,99800,112300,124750,134750,144750,154700,164700
95064,Santa Cruz County,87350,99800,112300,124750,134750,144750,154700,164700
95065,Santa Cruz County,87350,99800,112300,124750,134750,144750,154700,164700
95066,Santa Cruz County,87350,99800,112300,124750,134750,144750,154700,164700
95067,Santa Cruz County,87350,99800,112300,124750,134750,144750,154700,164700
95073,Santa Cruz County,87350,99800,112300,124750,134750,144750,154700,164700
95076,Santa Cruz County,87350,99800,112300,124750,134750,144750,154700,164700
95077,Santa Cruz County,87350,99800,112300,124750,134750,144750,154700,164700
95201,San Joaquin County,46350,53000,59600,66200,71500,76800,82100,87400
95202,San Joaquin County,46350,53000,59600,66200,71500,76800,82100,87400
95203,San Joaquin County,46350,53000,59600,66200,71500,76800,82100,87400
95204,San Joaquin County,46350,53000,59600,66200,71500,76800,82100,87400
95205,San Joaquin County,46350,53000,59600,66200,71500,76800,82100,87400
95206,San Joaquin County,46350,53000,59600,66200,71500,76800,82100,87400
95207,San Joaquin County,46350,53000,59600,66200,71500,76800,82100,87400
95208,San Joaquin County,46350,53000,59600,66200,71500,76800,82100,87400
95209,San Joaquin County,46350,53000,59600,66200,71500,76800,82100,87400
95210,San Joaquin County,46350,53000,59600,66200,71500,76800,82100,87400
95211,San Joaquin County,46350,53000,59600,66200,71500,76800,82100,87400
95212,San Joaquin County,46350,53000,59600,66200,71500,76800,82100,87400
95213,San Joaquin County,46350,53000,59600,66200,71500,76800,82100,87400
95215,San Joaquin County,46350,53000,59600,66200,71500,76800,82100,87400
95219,San Joaquin County,46350,53000,59600,66200,71500,76800,82100,87400
95220,San Joaquin County,46350,53000,59600,66200,71500,76800,82100,87400
95227,San Joaquin County,46350,53000,59600,66200,71500,76800,82100,87400
95230,San Joaquin County,46350,53000,59600,66200,71500,76800,82100,87400
95231,San Joaquin County,46350,53000,59600,66200,71500,76800,82100,87400
95234,San Joaquin County,46350,53000,59600,66200,71500,76800,82100,87400
95236,San Joaquin County,46350,53000,59600,66200,71500,76800,82100,87400
95237,San Joaquin County,46350,53000,59600,66200,71500,76800,82100,87400
95240,San Joaquin County,46350,53000,59600,66200,71500,76800,82100,87400
95241,San Joaquin County,46350,53000,59600,66200,71500,76800,82100,87400
95242,San Joaquin County,46350,53000,59600,66200,71500,76800,82100,87400
95253,San Joaquin County,46350,53000,59600,66200,71500,76800,82100,87400
95258,San Joaquin County,46350,53000,59600,66200,71500,76800,82100,87400
95267,San Joaquin County,46350,53000,59600,66200,71500,76800,82100,87400
95269,San Joaquin County,46350,53000,59600,66200,71500,76800,82100,87400
95290,San Joaquin County,46350,53000,59600,66200,71500,76800,82100,87400
95296,San Joaquin County,46350,53000,59600,66200,71500,76800,82100,87400
95297,San Joaquin County,46350,53000,59600,66200,71500,76800,82100,87400
95298,San Joaquin County,46350,53000,59600,66200,71500,76800,82100,87400
95301,Merced County,43650,49850,56100,62300,67300,72300,77300,82250
95303,Merced County,43650,49850,56100,62300,67300,72300,77300,82250
95304,San Joaquin County,46350,53000,59600,66200,71500,76800,82100,87400
95307,Stanislaus County,44650,51000,57400,63750,68850,73950,79050,84150
95312,Merced County,43650,49850,56100,62300,67300,72300,77300,82250
95313,Stanislaus County,44650,51000,57400,63750,68850,73950,79050,84150
95315,Merced County,43650,49850,56100,62300,67300,72300,77300,82250
95316,Stanislaus County,44650,51000,57400,63750,68850,73950,79050,84150
95317,Merced County,43650,49850,56100,62300,67300,72300,77300,82250
95319,Stanislaus County,44650,51000,57400,63750,68850,73950,79050,84150
95320,San Joaquin County,46350,53000,59600,66200,71500,76800,82100,87400
95322,Merced County,43650,49850,56100,62300,67300,72300,77300,82250
95323,Stanislaus County,44650,51000,57400,63750,68850,73950,79050,84150
95324,Merced County,43650,49850,56100,62300,67300,72300,77300,82250
95326,Stanislaus County,44650,51000,57400,63750,68850,73950,79050,84150
95328,Stanislaus County,44650,51000,57400,63750,68850,73950,79050,84150
95330,San Joaquin County,46350,53000,59600,66200,71500,76800,82100,87400
95333,Merced County,43650,49850,56100,62300,67300,72300,77300,82250
95334,Merced County,43650,49850,56100,62300,67300,72300,77300,82250
95336,San Joaquin County,46350,53000,59600,66200,71500,76800,82100,87400
95337,San Joaquin County,46350,53000,59600,66200,71500,76800,82100,87400
95340,Merced County,43650,49850,56100,62300,67300,72300,77300,82250
95341,Merced County,43650,49850,56100,62300,67300,72300,77300,82250
95342,Merced County,43650,49850,56100,62300,67300,72300,77300,82250
95343,Merced County,43650,49850,56100,62300,67300,72300,77300,82250
95344,Merced County,43650,49850,56100,62300,67300,72300,77300,82250
95348,Merced County,43650,49850,56100,62300,67300,72300,77300,82250
95350,Stanislaus County,44650,51000,57400,63750,68850,73950,79050,84150
95351,Stanislaus County,44650,51000,57400,63750,68850,73950,79050,84150
95352,Stanislaus County,44650,51000,57400,63750,68850,73950,79050,84150
95353,Stanislaus County,44650,51000,57400,63750,68850,73950,79050,84150
95354,Stanislaus County,44650,51000,57400,63750,68850,73950,79050,84150
95355,Stanislaus County,44650,51000,57400,63750,68850,73950,79050,84150
95356,Stanislaus County,44650,51000,57400,63750,68850,73950,79050,84150
95357,Stanislaus County,44650,51000,57400,63750,68850,73950,79050,84150
95358,Stanislaus County,44650,51000,57400,63750,68850,73950,79050,84150
95360,Stanislaus County,44650,51000,57400,63750,68850,73950,79050,84150
95361,Stanislaus County,44650,51000,57400,63750,68850,73950,79050,84150
95363,Stanislaus County,44650,51000,57400,63750,68850,73950,79050,84150
95365,Merced County,43650,49850,56100,62300,67300,72300,77300,82250
95366,San Joaquin County,46350,53000,59600,66200,71500,76800,82100,87400
95367,Stanislaus County,44650,51000,57400,63750,68850,73950,79050,84150
95368,Stanislaus County,44650,51000,57400,63750,68850,73950,79050,84150
95369,Merced County,43650,49850,56100,62300,67300,72300,77300,82250
95374,Merced County,43650,49850,56100,62300,67300,72300,77300,82250
95376,San Joaquin County,46350,53000,59600,66200,71500,76800,82100,87400
95377,San Joaquin County,46350,53000,59600,66200,71500,76800,82100,87400
95378,San Joaquin County,46350,53000,59600,66200,71500,76800,82100,87400
95380,Stanislaus County,44650,51000,57400,63750,68850,73950,79050,84150
95381,Stanislaus County,44650,51000,57400,63750,68850,73950,79050,84150
95382,Stanislaus County,44650,51000,57400,63750,68850,73950,79050,84150
95385,Stanislaus County,44650,51000,57400,63750,68850,73950,79050,84150
95386,Stanislaus County,44650,51000,57400,63750,68850,73950,79050,84150
95387,Stanislaus County,44650,51000,57400,63750,68850,73950,79050,84150
95388,Merced County,43650,49850,56100,62300,67300,72300,77300,82250
95390,Stanislaus County,44650,51000,57400,63750,68850,73950,79050,84150
95391,San Joaquin County,46350,53000,59600,66200,71500,76800,82100,87400
95397,Stanislaus County,44650,51000,57400,63750,68850,73950,79050,84150
95401,Sonoma County,66550,76050,85550,95050,102700,110300,117900,125500
95402,Sonoma County,66550,76050,85550,95050,102700,110300,117900,125500
95403,Sonoma County,66550,76050,85550,95050,102700,110300,117900,125500
95404,Sonoma County,66550,76050,85550,95050,102700,110300,117900,125500
95405,Sonoma County,66550,76050,85550,95050,102700,110300,117900,125500
95406,Sonoma County,66550,76050,85550,95050,102700,110300,117900,125500
95407,Sonoma County,66550,76050,85550,95050,102700,110300,117900,125500
95408,Sonoma County,66550,76050,85550,95050,102700,110300,117900,125500
95409,Sonoma County,66550,76050,85550,95050,102700,110300,117900,125500
95412,Sonoma County,66550,76050,85550,95050,102700,110300,117900,125500
95416,Sonoma County,66550,76050,85550,95050,102700,110300,117900,125500
95419,Sonoma County,66550,76050,85550,95050,102700,110300,117900,125500
95421,Sonoma County,66550,76050,85550,95050,102700,110300,117900,125500
95425,Sonoma County,66550,76050,85550,95050,102700,110300,117900,125500
95430,Sonoma County,66550,76050,85550,95050,102700,110300,117900,125500
95431,Sonoma County,66550,76050,85550,95050,102700,110300,117900,125500
95433,Sonoma County,66550,76050,85550,95050,102700,110300,117900,125500
95436,Sonoma County,66550,76050,85550,95050,102700,110300,117900,125500
95439,Sonoma County,66550,76050,85550,95050,102700,110300,117900,125500
95441,Sonoma County,66550,76050,85550,95050,102700,110300,117900,125500
95442,Sonoma County,66550,76050,85550,95050,102700,110300,117900,125500
95444,Sonoma County,66550,76050,85550,95050,102700,110300,117900,125500
95446,Sonoma County,66550,76050,85550,95050,102700,110300,117900,125500
95448,Sonoma County,66550,76050,85550,95050,102700,110300,117900,125500
95450,Sonoma County,66550,76050,85550,95050,102700,110300,117900,125500
95452,Sonoma County,66550,76050,85550,95050,102700,110300,117900,125500
95462,Sonoma County,66550,76050,85550,95050,102700,110300,117900,125500
95465,Sonoma County,66550,76050,85550,95050,102700,110300,117900,125500
95471,Sonoma County,66550,76050,85550,95050,102700,110300,117900,125500
95472,Sonoma County,66550,76050,85550,95050,102700,110300,117900,125500
95473,Sonoma County,66550,76050,85550,95050,102700,110300,117900,125500
95476,Sonoma County,66550,76050,85550,95050,102700,110300,117900,125500
95480,Sonoma County,66550,76050,85550,95050,102700,110300,117900,125500
95486,Sonoma County,66550,76050,85550,95050,102700,110300,117900,125500
95487,Sonoma County,66550,76050,85550,95050,102700,110300,117900,125500
95492,Sonoma County,66550,76050,85550,95050,102700,110300,117900,125500
95497,Sonoma County,66550,76050,85550,95050,102700,110300,117900,125500
95686,San Joaquin County,46350,53000,59600,66200,71500,76800,82100,87400
